{"data":{"image":{"id":"11d199bc-5a59-528c-b3a8-b26370d84614","childImageSharp":{"fluid":{"base64":"data:image/webp;base64,UklGRmoAAABXRUJQVlA4IF4AAABQAwCdASoUAAYAPtFUo0uoJKMhsAgBABoJaQAAUor+5CqCaAD+0rYxP+2SHYovx+zv6p02e0h8Lyhf6M94ueYsIf6P1XA/H182ZvPegsqgsVHKsT8I5DpxJc0fxQAA","aspectRatio":3.357142857142857,"src":"/static/27ba9fc5051c2d3cf70f2c4615f3f467/5570e/apple-app-store-badge.webp","srcSet":"/static/27ba9fc5051c2d3cf70f2c4615f3f467/0e93d/apple-app-store-badge.webp 200w,\n/static/27ba9fc5051c2d3cf70f2c4615f3f467/2259f/apple-app-store-badge.webp 400w,\n/static/27ba9fc5051c2d3cf70f2c4615f3f467/5570e/apple-app-store-badge.webp 564w","srcWebp":"/static/27ba9fc5051c2d3cf70f2c4615f3f467/5570e/apple-app-store-badge.webp","srcSetWebp":"/static/27ba9fc5051c2d3cf70f2c4615f3f467/0e93d/apple-app-store-badge.webp 200w,\n/static/27ba9fc5051c2d3cf70f2c4615f3f467/2259f/apple-app-store-badge.webp 400w,\n/static/27ba9fc5051c2d3cf70f2c4615f3f467/5570e/apple-app-store-badge.webp 564w","sizes":"(max-width: 564px) 100vw, 564px"}}}}}