{"data":{"image":{"id":"b77c4ef5-0abe-5777-9297-58ceda5d5459","childImageSharp":{"fluid":{"base64":"data:image/webp;base64,UklGRnYAAABXRUJQVlA4IGoAAADQAwCdASoUAAYAPtFUo0uoJKMhsAgBABoJZwAAUz1n+tKXn++pTAAA/upW4PR0xDXSwo6Dywvg4F2vtzXHRDHZihys7g3zQOIDaS3pgIuv8Xeb+Eo/tN74Zn91kSXpSYdXGqd6MbSuAAAA","aspectRatio":3.357142857142857,"src":"/static/3a55e4a648a9329569b33ecc3fb3a175/5570e/google-play-badge.webp","srcSet":"/static/3a55e4a648a9329569b33ecc3fb3a175/0e93d/google-play-badge.webp 200w,\n/static/3a55e4a648a9329569b33ecc3fb3a175/2259f/google-play-badge.webp 400w,\n/static/3a55e4a648a9329569b33ecc3fb3a175/5570e/google-play-badge.webp 564w","srcWebp":"/static/3a55e4a648a9329569b33ecc3fb3a175/5570e/google-play-badge.webp","srcSetWebp":"/static/3a55e4a648a9329569b33ecc3fb3a175/0e93d/google-play-badge.webp 200w,\n/static/3a55e4a648a9329569b33ecc3fb3a175/2259f/google-play-badge.webp 400w,\n/static/3a55e4a648a9329569b33ecc3fb3a175/5570e/google-play-badge.webp 564w","sizes":"(max-width: 564px) 100vw, 564px"}}}}}