{"app":["/app-e3051c77f723643bf50d.js"],"component---src-templates-blog-post-js":["/component---src-templates-blog-post-js-157e5e9bc3cfb84d3c34.js"],"component---src-pages-404-js":["/component---src-pages-404-js-3a805593778f44d5078c.js"],"component---src-pages-blog-js":["/component---src-pages-blog-js-b3c552197d18d011a069.js"],"component---src-pages-index-js":["/component---src-pages-index-js-223ca04070598f6521fa.js"],"component---src-pages-projects-clandestine-ops-js":["/component---src-pages-projects-clandestine-ops-js-1048889b6ecef3116330.js"],"component---src-pages-projects-comic-manager-js":["/component---src-pages-projects-comic-manager-js-fb95dcbf076c39b33929.js"],"component---src-pages-projects-ibd-classes-js":["/component---src-pages-projects-ibd-classes-js-aa41ef6171871bef4f2d.js"],"component---src-pages-projects-phalanx-js":["/component---src-pages-projects-phalanx-js-daf56cd1232fb62346ea.js"],"component---src-pages-projects-planet-library-js":["/component---src-pages-projects-planet-library-js-24bfae3ddf3f2d882a67.js"],"component---src-pages-projects-the-edge-of-civilization-js":["/component---src-pages-projects-the-edge-of-civilization-js-eeb7012f4ced17207e1d.js"],"component---src-pages-projects-what-to-watch-js":["/component---src-pages-projects-what-to-watch-js-3ab19d8c5a7d029b11a7.js"],"component---src-pages-projects-world-cup-manager-js":["/component---src-pages-projects-world-cup-manager-js-ba6967ced88cb7c9d913.js"]}