{"errors":[],"warnings":[],"namedChunkGroups":{"app":{"chunks":[14,0,1],"assets":["webpack-runtime-fc097ac44118e32702ed.js","webpack-runtime-fc097ac44118e32702ed.js.map","commons.168b5e1a7434b853631f.css","commons-7f554cc4a36828915ab6.js","commons-7f554cc4a36828915ab6.js.map","app-e3051c77f723643bf50d.js","app-e3051c77f723643bf50d.js.map"],"children":{},"childAssets":{}},"component---src-templates-blog-post-js":{"chunks":[0,13],"assets":["commons.168b5e1a7434b853631f.css","commons-7f554cc4a36828915ab6.js","commons-7f554cc4a36828915ab6.js.map","component---src-templates-blog-post-js-157e5e9bc3cfb84d3c34.js","component---src-templates-blog-post-js-157e5e9bc3cfb84d3c34.js.map"],"children":{},"childAssets":{}},"component---src-pages-404-js":{"chunks":[0,2],"assets":["commons.168b5e1a7434b853631f.css","commons-7f554cc4a36828915ab6.js","commons-7f554cc4a36828915ab6.js.map","component---src-pages-404-js-3a805593778f44d5078c.js","component---src-pages-404-js-3a805593778f44d5078c.js.map"],"children":{},"childAssets":{}},"component---src-pages-blog-js":{"chunks":[0,3],"assets":["commons.168b5e1a7434b853631f.css","commons-7f554cc4a36828915ab6.js","commons-7f554cc4a36828915ab6.js.map","component---src-pages-blog-js-b3c552197d18d011a069.js","component---src-pages-blog-js-b3c552197d18d011a069.js.map"],"children":{},"childAssets":{}},"component---src-pages-index-js":{"chunks":[0,4],"assets":["commons.168b5e1a7434b853631f.css","commons-7f554cc4a36828915ab6.js","commons-7f554cc4a36828915ab6.js.map","component---src-pages-index-js-223ca04070598f6521fa.js","component---src-pages-index-js-223ca04070598f6521fa.js.map"],"children":{},"childAssets":{}},"component---src-pages-projects-clandestine-ops-js":{"chunks":[0,5],"assets":["commons.168b5e1a7434b853631f.css","commons-7f554cc4a36828915ab6.js","commons-7f554cc4a36828915ab6.js.map","component---src-pages-projects-clandestine-ops-js-1048889b6ecef3116330.js","component---src-pages-projects-clandestine-ops-js-1048889b6ecef3116330.js.map"],"children":{},"childAssets":{}},"component---src-pages-projects-comic-manager-js":{"chunks":[0,6],"assets":["commons.168b5e1a7434b853631f.css","commons-7f554cc4a36828915ab6.js","commons-7f554cc4a36828915ab6.js.map","component---src-pages-projects-comic-manager-js-fb95dcbf076c39b33929.js","component---src-pages-projects-comic-manager-js-fb95dcbf076c39b33929.js.map"],"children":{},"childAssets":{}},"component---src-pages-projects-ibd-classes-js":{"chunks":[0,7],"assets":["commons.168b5e1a7434b853631f.css","commons-7f554cc4a36828915ab6.js","commons-7f554cc4a36828915ab6.js.map","component---src-pages-projects-ibd-classes-js-aa41ef6171871bef4f2d.js","component---src-pages-projects-ibd-classes-js-aa41ef6171871bef4f2d.js.map"],"children":{},"childAssets":{}},"component---src-pages-projects-phalanx-js":{"chunks":[0,8],"assets":["commons.168b5e1a7434b853631f.css","commons-7f554cc4a36828915ab6.js","commons-7f554cc4a36828915ab6.js.map","component---src-pages-projects-phalanx-js-daf56cd1232fb62346ea.js","component---src-pages-projects-phalanx-js-daf56cd1232fb62346ea.js.map"],"children":{},"childAssets":{}},"component---src-pages-projects-planet-library-js":{"chunks":[0,9],"assets":["commons.168b5e1a7434b853631f.css","commons-7f554cc4a36828915ab6.js","commons-7f554cc4a36828915ab6.js.map","component---src-pages-projects-planet-library-js-24bfae3ddf3f2d882a67.js","component---src-pages-projects-planet-library-js-24bfae3ddf3f2d882a67.js.map"],"children":{},"childAssets":{}},"component---src-pages-projects-the-edge-of-civilization-js":{"chunks":[0,10],"assets":["commons.168b5e1a7434b853631f.css","commons-7f554cc4a36828915ab6.js","commons-7f554cc4a36828915ab6.js.map","component---src-pages-projects-the-edge-of-civilization-js-eeb7012f4ced17207e1d.js","component---src-pages-projects-the-edge-of-civilization-js-eeb7012f4ced17207e1d.js.map"],"children":{},"childAssets":{}},"component---src-pages-projects-what-to-watch-js":{"chunks":[0,11],"assets":["commons.168b5e1a7434b853631f.css","commons-7f554cc4a36828915ab6.js","commons-7f554cc4a36828915ab6.js.map","component---src-pages-projects-what-to-watch-js-3ab19d8c5a7d029b11a7.js","component---src-pages-projects-what-to-watch-js-3ab19d8c5a7d029b11a7.js.map"],"children":{},"childAssets":{}},"component---src-pages-projects-world-cup-manager-js":{"chunks":[0,12],"assets":["commons.168b5e1a7434b853631f.css","commons-7f554cc4a36828915ab6.js","commons-7f554cc4a36828915ab6.js.map","component---src-pages-projects-world-cup-manager-js-ba6967ced88cb7c9d913.js","component---src-pages-projects-world-cup-manager-js-ba6967ced88cb7c9d913.js.map"],"children":{},"childAssets":{}}},"assetsByChunkName":{"app":["webpack-runtime-fc097ac44118e32702ed.js","commons.168b5e1a7434b853631f.css","commons-7f554cc4a36828915ab6.js","app-e3051c77f723643bf50d.js"],"component---src-templates-blog-post-js":["commons.168b5e1a7434b853631f.css","commons-7f554cc4a36828915ab6.js","component---src-templates-blog-post-js-157e5e9bc3cfb84d3c34.js"],"component---src-pages-404-js":["commons.168b5e1a7434b853631f.css","commons-7f554cc4a36828915ab6.js","component---src-pages-404-js-3a805593778f44d5078c.js"],"component---src-pages-blog-js":["commons.168b5e1a7434b853631f.css","commons-7f554cc4a36828915ab6.js","component---src-pages-blog-js-b3c552197d18d011a069.js"],"component---src-pages-index-js":["commons.168b5e1a7434b853631f.css","commons-7f554cc4a36828915ab6.js","component---src-pages-index-js-223ca04070598f6521fa.js"],"component---src-pages-projects-clandestine-ops-js":["commons.168b5e1a7434b853631f.css","commons-7f554cc4a36828915ab6.js","component---src-pages-projects-clandestine-ops-js-1048889b6ecef3116330.js"],"component---src-pages-projects-comic-manager-js":["commons.168b5e1a7434b853631f.css","commons-7f554cc4a36828915ab6.js","component---src-pages-projects-comic-manager-js-fb95dcbf076c39b33929.js"],"component---src-pages-projects-ibd-classes-js":["commons.168b5e1a7434b853631f.css","commons-7f554cc4a36828915ab6.js","component---src-pages-projects-ibd-classes-js-aa41ef6171871bef4f2d.js"],"component---src-pages-projects-phalanx-js":["commons.168b5e1a7434b853631f.css","commons-7f554cc4a36828915ab6.js","component---src-pages-projects-phalanx-js-daf56cd1232fb62346ea.js"],"component---src-pages-projects-planet-library-js":["commons.168b5e1a7434b853631f.css","commons-7f554cc4a36828915ab6.js","component---src-pages-projects-planet-library-js-24bfae3ddf3f2d882a67.js"],"component---src-pages-projects-the-edge-of-civilization-js":["commons.168b5e1a7434b853631f.css","commons-7f554cc4a36828915ab6.js","component---src-pages-projects-the-edge-of-civilization-js-eeb7012f4ced17207e1d.js"],"component---src-pages-projects-what-to-watch-js":["commons.168b5e1a7434b853631f.css","commons-7f554cc4a36828915ab6.js","component---src-pages-projects-what-to-watch-js-3ab19d8c5a7d029b11a7.js"],"component---src-pages-projects-world-cup-manager-js":["commons.168b5e1a7434b853631f.css","commons-7f554cc4a36828915ab6.js","component---src-pages-projects-world-cup-manager-js-ba6967ced88cb7c9d913.js"]}}